id,fecha,medio,titulo,url
1709,2026-10-06T02:30:57.255555,Ámbito,Luis Petri acelera y desafía el control de Alfredo Cornejo sobre la sucesión en Mendoza,https://www.ambito.com/ambito-nacional/luis-petri-acelera-y-desafia-el-control-alfredo-cornejo-la-sucesion-mendoza-n6330383
1708,2026-10-05T16:02:36.733285,La Nación,"Javier Milei y sus medidas, EN VIVO: el Presidente celebró el resultado en Brasil y dijo que el continente americano “quiere vivir en libertad”",https://www.lanacion.com.ar/politica/javier-milei-y-sus-medidas-en-vivo-el-presidente-celebro-el-resultado-en-brasil-y-dijo-que-el-nid05102026/
1707,2026-10-05T07:10:32.457875,Ámbito,La Libertad Avanza acelera por Presupuesto y PASO: arrancan las bilaterales con los gobernadores,https://www.ambito.com/politica/la-libertad-avanza-acelera-presupuesto-y-paso-arrancan-las-bilaterales-los-gobernadores-n6329881
1706,2026-10-05T07:10:00.142194,Infobae,Métodos forenses modernos revelan sacrificios humanos en el antiguo Egipto,https://www.infobae.com/america/agencias/2026/10/05/metodos-forenses-modernos-revelan-sacrificios-humanos-en-el-antiguo-egipto/
1705,2026-10-04T22:30:17.379278,Clarín,"Messi ya está en Ezeiza con la Selección para su despedida: entrenamiento, asado y cómo serán las horas previas del 10 rumbo a su último partido frente a Benín",https://www.clarin.com/deportes/messi-ezeiza-seleccion-despedida-entrenamiento-asado-horas-previas-10-rumbo-ultimo-partido-frente-benin_0_gr7OebDPaH.html
1704,2026-10-04T05:51:57.405171,La Nación,Barracas Central se lo ganó de guapo 3-2 a Atlético Tucumán por un doblete de Nicolás Orsini,https://www.lanacion.com.ar/deportes/futbol/barracas-central-se-lo-gano-de-guapo-3-2-a-atletico-tucuman-por-un-doblete-de-nicolas-orsini-nid03102026/
1703,2026-10-04T05:51:43.905355,La Nación,La trinchera infinita,https://www.lanacion.com.ar/opinion/la-trinchera-infinita-nid04102026/
1702,2026-10-03T18:35:52.413132,La Nación,"Emmanuel Carrère y Leila Guerriero, un intercambio virtuoso en la Facultad de Derecho",https://www.lanacion.com.ar/cultura/emmanuel-carrere-y-leila-guerriero-un-intercambio-virtuoso-en-la-facultad-de-derecho-nid03102026/
1701,2026-10-03T14:55:29.250696,Infobae,"“Ser viejo me conviene”: Emmanuel Carrère deslumbró en FILBA con 10 definiciones sobre el oficio de escribir, el miedo y la vida",https://www.infobae.com/cultura/2026/10/03/10-definiciones-de-emmanuel-carrere-el-escritor-que-desconfia-de-si-mismo/
1700,2026-10-03T05:38:04.986451,Infobae,"El trabajo silencioso de Bullrich, los plazos electorales que evalúa y el conflicto que evita Javier Milei",https://www.infobae.com/politica/2026/10/03/el-trabajo-silencioso-de-bullrich-los-plazos-electorales-que-evalua-y-el-conflicto-que-evita-javier-milei/
1699,2026-10-03T00:26:20.635115,Infobae,Consejo de Estado suspendió decreto que cambiaba las reglas de negociación entre trabajadores y empresas: Gobierno convocó nueva mesa de diálogo,https://www.infobae.com/colombia/2026/10/02/consejo-de-estado-suspendio-decreto-que-cambiaba-las-reglas-de-negociacion-entre-trabajadores-y-empresas-gobierno-convoco-nueva-mesa-de-dialogo/
1698,2026-10-02T11:23:20.821442,Infobae,Reseña de 'Digger': ni Tom Cruise puede salvar esta sátira forzada,https://www.infobae.com/america/the-new-york-times/2026/10/02/resena-de-digger-ni-tom-cruise-puede-salvar-esta-satira-forzada/
1697,2026-10-01T20:34:36.501996,La Nación,FIT 2026: del auge de la llegada de chinos a más conectividad y aperturas de hoteles,https://www.lanacion.com.ar/salud/fit-2026-del-auge-de-la-llegada-de-chinos-a-mas-conectividad-y-aperturas-de-hoteles-nid01102026/
1696,2026-10-01T15:44:17.660865,La Nación,"En medio de la gira de Milei por París, Victoria Villarruel se mostró junto al rey de España",https://www.lanacion.com.ar/politica/en-medio-de-la-gira-de-milei-por-paris-victoria-villarruel-se-mostro-junto-al-rey-de-espana-nid01102026/
1695,2026-09-29T06:03:51.363707,Ámbito,Crisis en OSFA: ATE intimó a Defensa para que resguarde los empleos de los hoteles de la exIOSFA,https://www.ambito.com/politica/crisis-osfa-ate-intimo-defensa-que-resguarde-los-empleos-los-hoteles-la-exiosfa-n6327741
1694,2026-09-29T06:03:32.986780,La Nación,Poder Ciudadano alertó sobre la falta de políticas anticorrupción: “Pareciera que buscamos ampliar la impunidad”,https://www.lanacion.com.ar/politica/poder-ciudadano-alerto-sobre-falta-de-politicas-anticorrupcion-pareciera-que-buscamos-ampliar-la-nid28092026/
1693,2026-09-28T06:04:55.835986,La Nación,"Solo en Off | Los expresidentes, “vetados” por el Gobierno en la visita del papa León a la Argentina",https://www.lanacion.com.ar/politica/solo-en-off-los-expresidentes-vetados-por-el-gobierno-en-la-visita-del-papa-leon-a-la-argentina-nid28092026/
1692,2026-09-28T06:04:44.461465,Infobae,El papa León XIV cierra su gira por Francia con un discurso sobre Europa y su integración en una ciudad marcada por las guerras,https://www.infobae.com/america/mundo/2026/09/28/el-papa-leon-xiv-cierra-su-gira-por-francia-con-un-discurso-sobre-europa-y-su-integracion-en-una-ciudad-marcada-por-las-guerras/
1691,2026-09-28T06:04:40.821500,Infobae,“Actualmente imposible”: las deserciones en Corea del Norte están en caída libre,https://www.infobae.com/america/mundo/2026/09/28/actualmente-imposible-las-deserciones-en-corea-del-norte-estan-en-caida-libre/
1690,2026-09-27T22:11:40.469495,Infobae,La ex-Miss Francia corre 300 kilómetros entre Caen y París para recaudar fondos contra el Alzheimer: “Quiero conseguir la mayor cantidad posible”,https://www.infobae.com/america/mundo/2026/09/27/la-ex-miss-francia-corre-300-kilometros-entre-caen-y-paris-para-recaudar-fondos-contra-el-alzheimer-quiero-conseguir-la-mayor-cantidad-posible/
1689,2026-09-27T05:41:20.771055,Ámbito,El espejo de Cambiemos: las lecciones que miran libertarios y peronistas rumbo a 2027,https://www.ambito.com/politica/el-espejo-cambiemos-las-lecciones-que-miran-libertarios-y-peronistas-rumbo-2027-n6327049
1688,2026-09-26T16:31:50.534717,Infobae,Beto Coral cuestionó el actuar del presidente Abelardo de la Espriella luego de la extradición de alias Araña y defendió las cifras del gobierno de Gustavo Petro,https://www.infobae.com/colombia/2026/09/26/beto-coral-cuestiono-el-actuar-del-presidente-abelardo-de-la-espriella-luego-de-la-extradicion-de-alias-arana-y-defendio-las-cifras-del-gobierno-de-gustavo-petro/
1687,2026-09-26T01:55:58.364709,El Intransigente,Rodolfo Aguiar apuntó contra el Gobierno por la crisis de OSFA: “Vamos a devolver golpe por golpe”,https://elintransigente.com/2026/09/rodolfo-aguiar-apunto-contra-el-gobierno-por-la-crisis-de-osfa-vamos-a-devolver-golpe-por-golpe/
1686,2026-09-25T20:33:45.247958,La Nación,Revocaron el fallo que sobreseyó a un chico de 14 años y apartaron del caso a la jueza Laura De Marinis,https://www.lanacion.com.ar/seguridad/revocaron-el-fallo-que-declaro-la-inconstitucionalidad-del-regimen-penal-juvenil-y-sobreseyo-a-un-nid25092026/
1685,2026-09-24T23:12:03.213754,La Nación,"Luego de 4300 años, arqueólogos encuentran bajo tierra el posible paradero del Arca de Noé",https://www.lanacion.com.ar/ciencia/luego-de-4300-anos-arqueologos-encuentran-bajo-tierra-el-posible-paradero-del-arca-de-noe-nid24092026/
1684,2026-09-24T23:11:46.018580,Infobae,"El 75% de los profesionales de urgencias, testigo de la violencia creciente contra médicos",https://www.infobae.com/america/agencias/2026/09/24/el-75-de-los-profesionales-de-urgencias-testigo-de-la-violencia-creciente-contra-medicos/
1683,2026-09-24T16:32:06.245990,Infobae,Así recibieron los turistas a los soldados en la playa de El Rodadero de Santa Marta en medio del paro armado de Los Pachenca,https://www.infobae.com/colombia/2026/09/24/soldados-del-ejercito-fueron-aplaudidos-por-turistas-en-la-playa-el-rodadero-de-santa-marta-en-medio-del-paro-armado/
1682,2026-09-24T06:12:27.166261,Ámbito,Carlos Presti echa al liquidador de exIOSFA y la crisis sigue sin respuesta,https://www.ambito.com/politica/presti-echa-al-liquidador-exiosfa-y-la-crisis-sigue-respuesta-n6326003
1681,2026-09-23T06:34:29.696440,La Nación,Milei y Galtieri,https://www.lanacion.com.ar/opinion/milei-y-galtieri-nid23092026/
1680,2026-09-22T12:36:01.606361,Infobae,"La ONU vincula la muerte del activista Brooklyn Rivera, bajo custodia del régimen, con un patrón de represión en Nicaragua",https://www.infobae.com/nicaragua/2026/09/22/la-onu-vincula-la-muerte-de-brooklyn-rivera-bajo-custodia-con-un-patron-de-represion-en-nicaragua/
1679,2026-09-22T12:36:01.391719,Infobae,"La UNP le retiró los esquemas de seguridad a Armando Benedetti, Antonio Sanguino y otros miembros del Gobierno Petro: esta es la razón",https://www.infobae.com/colombia/2026/09/22/la-unp-le-retiro-los-esquemas-de-seguridad-a-armando-benedetti-antonio-sanguino-y-otros-miembros-del-gobierno-petro-esta-es-la-razon/
1678,2026-09-22T07:06:39.746503,Infobae,"“Somos muy pasionales”: Elina Costantini habló de la intimidad con Eduardo, la diferencia de edad y la disputa judicial por el apellido",https://www.infobae.com/reportajes/2026/09/22/somos-muy-pasionales-elina-costantini-hablo-de-la-intimidad-con-eduardo-la-diferencia-de-edad-y-la-disputa-judicial-por-el-apellido/
1677,2026-09-22T07:06:37.079512,Infobae,Río Negro: cuatro paisajes para descubrir la Patagonia en primavera,https://www.infobae.com/inhouse/2026/09/22/rio-negro-cuatro-paisajes-para-descubrir-la-patagonia-en-primavera/
1676,2026-09-21T23:34:25.743603,Clarín,Se eligieron nuevos consejeros en el CPAU y en la FADU UBA,https://www.clarin.com/arq/eligieron-nuevos-consejeros-cpau-fadu-uba_0_S2gePuOBG0.html
1675,2026-09-21T16:33:43.102164,Infobae,"Chino Maidana, a fondo: su nueva promotora, el club que recuperó, la denuncia sobre una icónica pelea y ¿vuelta al ring?",https://www.infobae.com/deportes/2026/09/21/marcos-maidana-a-fondo-su-nueva-promotora-el-club-que-recupero-la-denuncia-sobre-una-iconica-pelea-y-vuelta-al-ring/
1674,2026-09-21T10:27:13.538160,La Nación,"Sebastián Estevanez: el grave accidente que tuvo, su radical cambio laboral y el gran amor de su vida",https://www.lanacion.com.ar/espectaculos/personajes/sebastian-estevanez-el-grave-accidente-que-tuvo-su-radical-cambio-laboral-y-el-gran-amor-de-su-vida-nid21092026/
1673,2026-09-21T04:55:37.852546,Ámbito,"El Presupuesto 2027 de FAdeA: una fábrica sostenida por el Tesoro, sin paritarias y con cada vez menos margen para invertir",https://www.ambito.com/politica/fadea-el-presupuesto-2027-una-fabrica-sostenida-el-tesoro-paritarias-y-cada-vez-menos-margen-invertir-n6324550
1672,2026-09-20T21:58:47.583145,La Nación,Escepticismo en las Fuerzas Armadas por el proyecto de Milei que nació por las tensiones en Malvinas,https://www.lanacion.com.ar/politica/escepticismo-en-las-fuerzas-armadas-por-el-proyecto-de-milei-que-nacio-por-las-tensiones-en-malvinas-nid20092026/
1671,2026-09-20T06:04:49.202887,Infobae,"¿Puede revivir JxC en 2027? La aparición de nuevos candidatos, los posibles aliados y el futuro de las PASO",https://www.infobae.com/politica/2026/09/20/puede-revivir-jxc-en-2027-la-aparicion-de-nuevos-candidatos-los-posibles-aliados-y-el-futuro-de-las-paso/
1670,2026-09-19T16:24:40.699151,La Nación,“No se protege lo que no se conoce”: la historia detrás del programa que enseña a los chicos a cuidar los glaciares,https://www.lanacion.com.ar/sociedad/no-se-protege-lo-que-no-se-conoce-la-historia-detras-del-programa-que-ensena-a-los-chicos-a-cuidar-nid19092026/
1669,2026-09-19T04:29:09.674279,Ámbito,Malvinas: el Gobierno se alejó de la cadena nacional en su proyecto y crece el escepticismo sobre sus intenciones,https://www.ambito.com/politica/malvinas-el-gobierno-se-alejo-la-cadena-nacional-su-proyecto-y-crece-el-escepticismo-sus-intenciones-n6324170
1668,2026-09-18T04:49:07.492565,Infobae,"""Somos pervertibles sin darnos cuenta”: Constanza Michelson, el caso Epstein y los microdramas de la vida",https://www.infobae.com/cultura/2026/09/18/somos-pervertibles-sin-darnos-cuenta-constanza-michelson-el-caso-epstein-y-los-microdramas-de-la-vida/
1667,2026-09-18T00:12:24.019921,Ámbito,Crisis en la exIOSFA: advierten sobre vaciamiento y ponen la mira en el traspaso de dos hoteles,https://www.ambito.com/politica/crisis-la-exiosfa-advierten-vaciamiento-y-ponen-la-mira-el-traspaso-dos-hoteles-n6323725
1666,2026-09-18T00:11:42.272875,Infobae,"Carlos Carrillo denunció que dirigentes del Pacto Histórico buscan limitar la elección de delegados para su primer congreso nacional, de cara a 2027",https://www.infobae.com/colombia/2026/09/17/carlos-carrillo-denuncio-que-dirigentes-del-pacto-historico-buscan-limitar-la-eleccion-de-delegados-para-su-primer-congreso-nacional-de-cara-a-2027/
1665,2026-09-17T22:03:07.946788,Infobae,"Steam convierte en gratuitos 21 juegos de estrategia, terror y acción: cómo reclamarlos",https://www.infobae.com/tecno/2026/09/17/steam-convierte-en-gratuitos-21-juegos-de-estrategia-terror-y-accion-como-reclamarlos/
1664,2026-09-17T14:58:55.694139,Infobae,"El exsenador Carlos Trujillo habría tratado de presionar a testigo estrella en el proceso contra Miguel Quintero, hermano de Daniel Quintero, para que guardara silencio",https://www.infobae.com/colombia/2026/09/17/exsenador-carlos-trujillo-fue-salpicado-por-testigo-estrella-en-el-proceso-contra-miguel-quintero-hermano-de-daniel-quintero-habria-hecho-ofrecimiento-para-que-guardara-silencio/
1663,2026-09-17T00:29:05.164669,Infobae,Felipe Chávez presenta una “contusión dolorosa en la rodilla” producto de un golpe ocasionado en el último triunfo del Magdeburgo en 2. Bundesliga,https://www.infobae.com/peru/deportes/2026/09/16/felipe-chavez-presenta-una-contusion-dolorosa-en-la-rodilla-producto-de-un-golpe-ocasionado-en-el-ultimo-triunfo-del-magdeburgo-en-2-bundesliga/
1662,2026-09-16T22:06:32.167650,La Nación,El cruce en redes entre el gobernador de La Pampa y Petri: “Una causa entre provincias se resuelve en la Corte Suprema”,https://www.lanacion.com.ar/politica/el-cruce-en-redes-entre-el-gobernador-de-la-pampa-y-petri-por-el-rio-atuel-una-causa-entre-nid16092026/
1661,2026-09-16T01:17:09.652880,Infobae,Defensoría pide definir rectorado de la UNI tras violencia y denuncia por daños ocasionados por personas ajenas y exestudiantes,https://www.infobae.com/peru/2026/09/16/defensoria-pide-definir-rectorado-de-la-uni-tras-violencia-y-denuncia-por-danos-ocasionados-por-personas-ajenas-y-exestudiantes/
1660,2026-09-15T22:56:42.817081,Infobae,Equipo de investigación de la UNAM descubre 39 especies nuevas de luciérnagas en bosques de México,https://www.infobae.com/mexico/2026/09/15/equipo-de-investigacion-de-la-unam-descubre-39-especies-nuevas-de-luciernagas-en-bosques-de-mexico/
1659,2026-09-15T20:14:19.686793,Infobae,Ecopetrol tiene nueva junta directiva: tres miembros fueron reelegidos y otros seis debutan en los cargos,https://www.infobae.com/colombia/2026/09/15/ecopetrol-tiene-nueva-junta-directiva-tres-miembros-fueron-reelegidos-y-otros-dos-debutan-en-los-cargos/
1658,2026-09-15T20:14:18.259226,Infobae,Sacerdote hizo polémicos cuestionamientos a los feligreses durante su sermón y se refirió al presidente Abelardo de la Espriella caminando entre cadáveres: “Toca es plomo”,https://www.infobae.com/colombia/2026/09/15/sacerdote-hizo-serios-cuestionamientos-a-los-feligreses-durante-su-sermon-y-se-refirio-al-presidente-abelardo-de-la-espriella-caminando-entre-cadaveres-toca-es-plomo/
1657,2026-09-15T20:14:16.709297,Infobae,Sinuano Día resultados de hoy martes 15 de septiembre: ganadores del último sorteo,https://www.infobae.com/colombia/2026/09/15/sinuano-dia-resultados-de-hoy-martes-15-de-septiembre-ganadores-del-ultimo-sorteo/
1656,2026-09-14T20:29:26.740989,Infobae,Ingreso “por la fuerza” de exvicerrectora a la UNI desata protestas y tensión dentro de la universidad,https://www.infobae.com/peru/2026/09/14/ingreso-por-la-fuerza-de-exvicerrectora-a-la-uni-desata-protestas-y-tension-dentro-de-la-universidad/
1655,2026-09-14T04:57:04.249548,Infobae,María Victoria Valerga Fernández y el descubrimiento del hongo que come microplásticos: “Hacer ciencia en y para el país es muy gratificante”,https://www.infobae.com/educacion/2026/09/14/maria-victoria-valerga-fernandez-y-el-descubrimiento-del-hongo-que-come-microplasticos-hacer-ciencia-en-y-para-el-pais-es-muy-gratificante/
1654,2026-09-14T00:09:49.259925,El Intransigente,Agustín Rossi respaldó las críticas a Luis Petri: “No se puede jugar con el patrimonio militar”,https://elintransigente.com/2026/09/agustin-rossi-respaldo-las-criticas-a-luis-petri-no-se-puede-jugar-con-el-patrimonio-militar/
1653,2026-09-13T22:05:10.449599,El Intransigente,«Se la están timbeando»: Guillermo Carmona apunta al Gobierno por el fondo de pensiones de militares,https://elintransigente.com/2026/09/se-la-estan-timbeando-guillermo-carmona-apunta-al-gobierno-por-el-fondo-de-pensiones-de-militares/
1652,2026-09-11T01:08:53.704004,Infobae,Carolina Gómez ‘estalló’ contra Claudia López por su falta de “coherencia” ante alianza con Gustavo Petro: “No lo bajaba de corrupto”,https://www.infobae.com/colombia/2026/09/10/carolina-gomez-estallo-contra-claudia-lopez-por-su-falta-de-coherencia-ante-alianza-con-gustavo-petro-no-lo-bajaba-de-corrupto/
1651,2026-09-10T23:11:41.654166,La Nación,Inflación de agosto: cuál fue el IPC acumulado y qué proyectan las consultoras para este año,https://www.lanacion.com.ar/economia/inflacion-de-agosto-cual-fue-el-ipc-acumulado-y-que-proyectan-las-consultoras-para-este-ano-nid10092026/
1650,2026-09-10T18:32:04.625985,La Nación,"FIBA 2026: cómo es Dorian, la última obra del gran creador escénico Bob Wilson que inauguró el festival",https://www.lanacion.com.ar/espectaculos/teatro/fiba-2026-como-es-dorian-la-ultima-obra-del-gran-creador-escenico-bob-wilson-que-inauguro-el-nid10092026/
1649,2026-09-10T01:24:38.057098,Infobae,Dólar hoy en Colombia: se registró una nueva caída en la cotización y así de barato cerró el 9 de septiembre,https://www.infobae.com/colombia/2026/09/09/dolar-hoy-en-colombia-cotizacion-de-cierre-del-9-de-septiembre/
1648,2026-09-10T01:24:37.892811,Infobae,Bogotá avanzó con el cobro del alumbrado público de la reforma tributaria: alertan impacto negativo en hogares y pequeños comercios,https://www.infobae.com/colombia/2026/09/10/bogota-avanzo-con-el-cobro-del-alumbrado-publico-de-la-reforma-tributaria-alertan-impacto-negativo-en-hogares-y-pequenos-comercios/
1647,2026-09-10T01:24:35.738163,Infobae,"Carolina Guerra y Juan Pablo Raba protagonizan ‘Pacífico’, el thriller de supervivencia rodado en Malpelo",https://www.infobae.com/colombia/2026/09/10/carolina-guerra-y-juan-pablo-raba-protagonizan-pacifico-el-thriller-de-supervivencia-rodado-en-malpelo/
1646,2026-09-10T01:24:33.631642,Infobae,“Una mujer armada se defiende”: María Fernanda Cabal respaldó el porte legal de armas como mecanismo de protección femenina,https://www.infobae.com/colombia/2026/09/10/una-mujer-armada-se-defiende-maria-fernanda-cabal-respaldo-el-porte-legal-de-armas-como-mecanismo-de-proteccion-femenina/
1645,2026-09-10T01:24:31.590862,Infobae,Más de 20 estudiantes heridos y uno muerto dejó accidente de un bus escolar en Sucre: “Lo único que quiero es que manden ambulancias”,https://www.infobae.com/colombia/2026/09/10/mas-de-20-estudiantes-heridos-y-uno-muerto-dejo-accidente-de-un-bus-escolar-y-una-volqueta-cerca-de-sincelejo-sucre/
1644,2026-09-10T01:24:30.325728,Infobae,Juliana Guerrero publicó una carta en redes sociales tras aceptar cargos por títulos falsos: “Estoy sinceramente arrepentida”,https://www.infobae.com/colombia/2026/09/09/juliana-guerrero-publico-una-carta-en-redes-sociales-tras-aceptar-cargos-por-titulos-falsos-estoy-sinceramente-arrepentida/
1643,2026-09-10T01:24:25.859523,Infobae,Juez ‘regañó’ a Juliana Guerrero durante la audiencia en la que aceptó falsificar sus títulos académicos: “No fue un simple error”,https://www.infobae.com/colombia/2026/09/10/juez-regano-a-juliana-guerrero-durante-la-audiencia-en-la-que-acepto-falsificar-sus-titulos-academicos-no-fue-un-simple-error/
1642,2026-09-10T01:24:24.858466,Infobae,Terremoto en Cali: así se repartirán los primeros subsidios de $1.050.000 a los damnificados,https://www.infobae.com/colombia/2026/09/10/terremoto-en-cali-asi-se-repartiran-los-primeros-subsidios-de-1050000-a-los-damnificados/
1641,2026-09-09T23:30:35.943871,La Nación,El Gobierno trabaja en la letra chica del proyecto Malvinas y ya diseña la estrategia para defenderlo en Diputados,https://www.lanacion.com.ar/politica/el-gobierno-trabaja-en-la-letra-chica-del-proyecto-malvinas-y-ya-disena-la-estrategia-para-nid09092026/
1640,2026-09-09T21:37:37.313636,Infobae,"Presupuesto de 2027: comisiones económicas definen fecha y hora para debatir sobre los $634,9 billones que propone el Gobierno",https://www.infobae.com/colombia/2026/09/09/presupuesto-de-2027-comisiones-economicas-definen-fecha-y-hora-para-debatir-sobre-los-6349-billones-que-propone-el-gobierno/
1639,2026-09-09T18:57:27.253062,El Intransigente,“Es falso lo que dice la jueza”: Luis Petri defendió el Régimen Penal Juvenil,https://elintransigente.com/2026/09/es-falso-lo-que-dice-la-jueza-luis-petri-defendio-el-regimen-penal-juvenil/
1638,2026-09-09T18:56:50.406266,Infobae,La Libertad Avanza logró dictamen en el Senado para reformar la Carta Orgánica del Banco Central,https://www.infobae.com/politica/2026/09/09/la-libertad-avanza-logro-dictamen-en-el-senado-para-reformar-la-carta-organica-del-banco-central/
1637,2026-09-09T15:50:44.863038,Infobae,Malvinas: el primer ministro de Reino Unido advirtió que será “implacable” en defender el derecho de los isleños a ser británicos,https://www.infobae.com/politica/2026/09/09/malvinas-el-primer-ministro-de-reino-unido-advirtio-que-sera-implacable-en-defender-el-derecho-de-los-islenos-a-ser-britanicos/
1636,2026-09-09T15:50:44.079752,Infobae,Milei reforzó el reclamo por la soberanía de Malvinas y prometió endurecer sanciones contra empresas vinculadas a la explotación ilegal,https://www.infobae.com/politica/2026/09/09/milei-reforzo-el-reclamo-por-la-soberania-de-malvinas-y-prometio-endurecer-sanciones-contra-empresas-vinculadas-a-la-explotacion-ilegal/
1635,2026-09-09T15:50:43.820176,Infobae,Dólar hoy en vivo: a cuánto operan todas las cotizaciones minuto a minuto este miércoles 9 de septiembre,https://www.infobae.com/economia/2026/09/09/dolar-hoy-en-vivo-a-cuanto-operan-todas-las-cotizaciones-minuto-a-minuto-este-miercoles-9-de-septiembre/
1634,2026-09-09T15:50:43.532114,Infobae,EN VIVO | Clima CDMX y resto de México hoy 9 de septiembre: cinco estados en alerta por intensas lluvias,https://www.infobae.com/mexico/2026/09/09/en-vivo-clima-cdmx-y-resto-de-mexico-hoy-9-de-septiembre-cinco-estados-en-alerta-por-intensas-lluvias/
1633,2026-09-09T15:50:38.616919,Infobae,"Diputados, en vivo: se aprobó el emplazamiento para tratar la prórroga de la Emergencia en Discapacidad",https://www.infobae.com/politica/2026/09/09/diputados-en-vivo-ultimas-noticias-del-debate-sobre-endeudamiento-familiar-y-la-prorroga-de-emergencia-en-discapacidad/
1632,2026-09-08T15:08:22.244710,Clarín,Fundaleu reunió a un centenar de famosos en una noche solidaria: todas las fotos,https://www.clarin.com/fama/fundaleu-reunio-centenar-famosos-noche-solidaria-todas-fotos_0_9g2OBQyvJH.html
1631,2026-09-08T11:10:17.317436,Infobae,Contrapunto entre el Gobierno y PBA por la suspensión de la aplicación del nuevo Régimen Penal Juvenil,https://www.infobae.com/politica/2026/09/08/el-contrapunto-entre-el-gobierno-y-pba-por-la-suspension-de-la-aplicacion-del-nuevo-regimen-penal-juvenil/
1630,2026-09-08T06:02:58.876822,El Intransigente,Luis Petri cruzó a Alberto Fernández por criticar los aviones F-16: “Es servil a los intereses de Londres”,https://elintransigente.com/2026/09/luis-petri-cruzo-a-alberto-fernandez-por-criticar-los-aviones-f-16-es-servil-a-los-intereses-de-londres/
1629,2026-09-08T06:01:28.986605,Infobae,El Ministerio de Seguridad se prepara para la visita del Papa León XIV con la creación de comandos unificados,https://www.infobae.com/politica/2026/09/08/el-ministerio-de-seguridad-se-prepara-para-la-visita-del-papa-leon-xiv-con-la-creacion-de-comandos-unificados/
1628,2026-09-08T01:14:28.717075,Infobae,Primeras reacciones del Gobierno tras la medida que suspendió la aplicación del nuevo Régimen Penal Juvenil en PBA,https://www.infobae.com/politica/2026/09/07/primeras-reacciones-del-gobierno-tras-la-medida-que-suspendio-la-aplicacion-del-nuevo-regimen-penal-juvenil-en-pba/
1627,2026-09-07T20:53:24.672875,El Intransigente,Una jueza de Lomas de Zamora ordenó la suspensión del nuevo Régimen Penal Juvenil,https://elintransigente.com/2026/09/una-jueza-de-lomas-de-zamora-ordeno-la-suspension-del-nuevo-regimen-penal-juvenil/
1626,2026-09-07T20:52:32.194129,Clarín,"Patricia Bullrich repudió la suspensión de la ley penal juvenil en la Provincia y cargó contra Kicillof: ""Se pone del lado de los delincuentes""",https://www.clarin.com/politica/patricia-bullrich-repudio-suspension-ley-penal-juvenil-provincia-cargo-kicillof-pone-lado-delincuentes_0_7ZplpI4wKm.html
1625,2026-09-06T19:34:36.978227,Clarín,"Mauricio Macri juega a dos puntas: negocia con los Milei, mientras deja correr a un candidato propio para 2027",https://www.clarin.com/politica/mauricio-macri-juega-puntas-negocia-milei-deja-correr-candidato-propio_0_dX6c3e0cw7.html
1624,2026-09-06T19:34:36.142155,Infobae,Presidente Abelardo de la Espriella habló con familiares de los militares asesinados en Norte de Santander: “Sus muertes no quedarán impunes”,https://www.infobae.com/colombia/2026/09/06/presidente-abelardo-de-la-espriella-hablo-con-familiares-de-los-militares-asesinados-en-norte-de-santander-sus-muertes-no-quedaran-impunes/
1623,2026-09-06T19:34:35.259148,Infobae,Activistas digitales del petrismo siguen inundando las redes: Análisis reveló cómo se han movido tras la salida de Gustavo Petro,https://www.infobae.com/colombia/2026/09/06/activistas-digitales-del-petrismo-siguen-inundando-las-redes-analisis-revelo-como-se-han-movido-tras-la-salida-de-gustavo-petro/
1622,2026-09-06T19:34:32.172873,Infobae,Funcionarios públicos podrían trabajar hasta los 75 años: radican proyecto en el Congreso para extender edad de retiro forzoso,https://www.infobae.com/colombia/2026/09/06/funcionarios-publicos-podrian-trabajar-hasta-los-75-anos-radican-proyecto-en-el-congreso-para-extender-edad-de-retiro-forzoso/
1621,2026-09-06T19:34:31.810339,Infobae,A la cárcel 15 presuntos nexos de los Comandos de Frontera en Ecuador por lavado de activos,https://www.infobae.com/colombia/2026/09/06/a-la-carcel-15-presuntos-nexos-de-los-comandos-de-frontera-en-ecuador-por-lavado-de-activos/
1620,2026-09-06T19:34:31.396451,Infobae,"Nueva EPS se pronunció tras muerte de Luciana, bebé de ocho meses, que necesitaba un traslado urgente de Neiva a Bogotá: “Se agravó”",https://www.infobae.com/colombia/2026/09/06/nueva-eps-se-pronuncio-tras-muerte-de-luciana-bebe-de-ocho-meses-que-necesitaba-un-traslado-urgente-de-neiva-a-bogota-se-agravo/
1619,2026-09-06T19:34:28.058325,Infobae,Con corridos a todo volumen y ráfagas de disparos: videos muestran la despedida criminal de Bendito Menor en Riohacha,https://www.infobae.com/colombia/2026/09/06/con-corridos-a-todo-volumen-y-rafagas-de-disparos-videos-muestran-la-despedida-criminal-de-bendito-menor-en-riohacha/
